Investment,Wealth,AbsoluteReturn,AnnualizedReturn,Sharpe
144000.0,476133.143747,2.30648016491,0.185265000165,0.482932055874
