Type,Rank,Investment,Wealth,AbsoluteReturn,AnnualizedReturn,Sharpe
top,1,144000,482795.992371,2.35274994702,0.187333447486,0.59228115447
top,2,144000,590519.222653,3.10082793509,0.217231758684,0.514526068181
top,3,144000,462569.522303,2.21228834933,0.180960469693,0.517506039425
bottom,3,144000,463853.406429,2.22120421131,0.181373463571,0.444183522128
bottom,2,144000,434933.470458,2.02037132262,0.17177131623,0.379205459455
bottom,1,144000,385609.702551,1.67784515661,0.1537537992,0.415923509535
